city,county,state,population rank,name,e-mail,phone,"availability",license,year,aproximate count,cost,who,how,result,conversion rules/info,status
Birmingham,,Alabama,78,,,,,,,,,,,,,
,Calhoun,Alabama,,,,,http://gis.calhouncounty.org/arcgis2/rest/services/ParcelViewer/MapServer/68,,,,,,,,,
Montgomery,,Alabama,97,,http://www.montgomeryal.gov/index.aspx?page=227,,,,,,,,,,,
Anchorage,,Alaska,67,,,,http://munimaps.muni.org/ftp_gis/address_shp.zip,Public Domain,1997?,,,,,,,
Chandler,Maricopa,Arizona,77,,http://www.fcd.maricopa.gov/maps/gio/contacts.html,,,,,,,,,,,
Glendale,,Arizona,72,,,,,,,,,,,,,
Mesa,,Arizona,40,,,,http://gis.mesaaz.gov/mesaaz/rest/services/Address/AddressIndexAcella/MapServer/0,,,,,,,,,
Phoenix,,Arizona,6,,http://phoenix.gov/email/emgis.html,,,,,,,,,,,
Scottsdale,,Arizona,80,,https://eservices.scottsdaleaz.gov/eservices/dmc/ProductIntro.aspx,,http://maps.scottsdaleaz.gov/arcgis/rest/services/ParcelInformation/MapServer/15,Crappy License,,,,,,,,
Tucson,Pima,Arizona,31,,,,http://webcms.pima.gov/cms/one.aspx?portalId=169&pageId=33931,Crappy License,,,,,,,,
Anaheim,,California,55,,http://gis.anaheim.net/,,,,,,,,,,,
Bakersfield,,California,60,,,,http://www.bakersfieldcity.us/gis/downloads/vectors/AddressPoints.zip,http://www.bakersfieldcity.us/gis/gis_spatial_data.htm,,,,,,,,
Chula Vista,,California,91,,,,,,,,,,,,,
Fresno,,California,36,,,,http://www.co.fresno.ca.us/ViewDocument.aspx?id=52117,http://www.co.fresno.ca.us/DepartmentPage.aspx?id=52121,9/10/2013,,,,,,,
Long Beach,,California,34,,http://www.longbeach.gov/tsd/contact_us/default.asp,,,,,,,,,,,
Los Angeles,Los Angeles,California,2,,,,http://egis3.lacounty.gov/dataportal/wp-content/uploads/2012/06/lacounty_address_points.zip,http://egis3.lacounty.gov/dataportal/disclaimer/,,,,,,,,
Modesto,,California,95,,http://www.modestogov.com/itd/gis/contact.asp,,,,,,,,,,,
Oakland,,California,44,,,,https://data.acgov.org/api/geospatial/8e4s-7f4v?method=export&format=Original,http://www.acgov.org/acdata/terms.htm,,,,,,,,
Riverside,Riverside,California,61,,gis@rctlma.org,,,,,,,,,,,
Sacramento,,California,39,,http://www.sacgis.org/Pages/ContactUs.aspx,,http://www.cityofsacramento.org/gis/data.html,,,,,,,,,
San Bernardino,,California,100,,gis@isd.sbcounty.gov,,,,,,,,,,,
San Diego,,California,7,,gismaster@sandag.org,,http://rdw.sandag.org/file_store/Address/Address_APN.zip,http://rdw.sandag.org/,,,,,,,,
San Francisco,,California,14,,,,https://data.sfgov.org/download/kvej-w5kb/ZIPPED%20SHAPEFILE,,,,,,,,,
San Jose,,California,11,,http://www.sanjoseca.gov/DocumentCenter/View/16118,,,,,,,,,,,
Santa Ana,,California,53,,http://www.ci.santa-ana.ca.us/cda/GISmaps.asp,,,,,,,,,,,
Stockton,,California,62,,http://www.stocktongov.com/services/gis/contactUs.html,,,,,,,,,,,
,Adams,Colorado,,Margaret Grondalski,mgrondalski@adcogov.org,720-523-6712,http://www.co.adams.co.us/index.aspx?NID=417,Indemnification,,,,,,,,
,Arapahoe,Colorado,,,gis@co.arapahoe.co.us,,http://gis.arapahoegov.com/DL_Data/Address_Points/WGS/Address_Points_SHAPE_WGS.zip,Crappy License,,,,,,,,
Aurora,,Colorado,59,,gis@auroragov.org,,https://apps.auroragov.org/GISOpenData/DataDownload/LL_AddressPoints_SHP.zip,Crappy License,,,,,,,,
Colorado Springs,,Colorado,43,,,,,,,,,,,,,
,Douglas County,Colorado,,Joel R. Hanson,GISInfo@douglas.co.us,303.660.7464,http://www.douglas.co.us/gis/,steve@asklater.com has emailed to ask,,,$250,Steve,,,,
Denver,,Colorado,27,,denvergis@denvergov.org,,http://data.denvergov.org/download/gis/addresses/shape/addresses.zip,CCBY3.0,11/12/2013,,,,,,,
,Gilpin,Colorado,,,,,https://maps.digitaldataservices.com/Clients/GILP/Data/SiteAddressPoint.zip,,,,,,,,,
Washington,,District of Columbia,24,,dcgis@dc.gov,,http://dcatlas.dcgis.dc.gov/catalog/download.asp?downloadID=2182&downloadTYPE=ESRI,http://data.dc.gov/TermsOfUse.aspx,3/28/2013,,,,,,,
Ft Lauderdale,Broward,Florida,,,,,https://bcpasecure.net/InfoBroward/InfoBroward.asp,Public Domain,,,$450,grouper,,,,
,Collier,Florida,,,,,http://www.colliergov.net/Index.aspx?page=2713,Public Domain,,,free,grouper,,,,
,Lake,Florida,,,,,http://www.lakecountyfl.gov/departments/information_technology/geographic_information_services/datadownloads.aspx,Public Domain,,,free,grouper,,,,
Jacksonville,Duval,Florida,13,,,,,Public Domain,,,,grouper,,,,
,Lee,Florida,,,,,http://leegis.leegov.com/GISData.htm,Public Domain,,,free,grouper,,,,
,Manatee,Florida,,,,,http://www.mymanatee.org/home/government/departments/information-technology/gis-home/gis-datadownload.html,Public Domain,,,free,grouper,,,,
Miami,Miami-Dade,Florida,45,,,,http://gisweb.miamidade.gov/GISSelfServices/GeographicData/MDGeographicData.html,Public Domain,,,free,grouper,,,,
Orlando,Orange,Florida,86,,,,ftp://ftp.onetgov.net/divisions/Infomap/pub/GIS_Downloads/FTP%20Shapefiles/,Public Domain,,,free,grouper,,,,
St. Petersburg,Pinellas,Florida,71,,,,http://www.pcpao.org/datadownload.php,Public Domain,,,free,grouper,,,,
Tampa,Hillsborough,Florida,56,,,,ftp://public:access@209.26.172.71/shapefiles/,Public Domain,,,free,grouper,,,,
West Palm Beach,Palm Beach,Florida,,,,,http://www.pbcgov.com/iss/itoperations/cwgis/GISdatasearch/,Public Domain,,,free,grouper,,,,
,Sarasota,Florida,,,,,http://gis.scgov.net/data_download_page.asp,Public Domain,,,free,grouper,,,,
,Volusia,Florida,,,,,http://www.volusia.org/services/financial-and-administrative-services/information-technology/geographic-information-services/data-available-in-shapefile-format.stml,Public Domain,,,free,grouper,,,,
,ALL,Florida,,,,,ftp://sdrftp03.dor.state.fl.us,Public Domain,,,free,grouper,,,,
,Gordon,Georgia,,,,,http://maps.binarybus.com/arcgis/rest/services/gordon/gordon/MapServer/0,,,,,,,,,
,Muscogee,Georgia,,,,,http://maps.binarybus.com/arcgis/rest/services/Columbus/publicsafety/MapServer/22,,,,,,,,,
,Sumter,Georgia,,,,,http://maps.binarybus.com/arcgis/rest/services/Americus/Public/MapServer/0,,,,,,,,,
Atlanta,Fulton,Georgia,33,Steve Williams,stewilliams@atlantaga.gov,404-330-6637,http://share.myfultoncountyga.us/GPDownload/FultonCounty/Tax_Parcels2013,Public Domain,1/17/2013,,,,,,,
Honolulu,,Hawaii,48,,,,,,,,,,,,,
Boise,Ada,Idaho,98,,,,,,,,,,,,,
,Canyon,Idaho,,,,,http://gis.canyonco.org:6080/arcgis/rest/services/cc/Taxparcels/FeatureServer/0,,,,,,,,,
,Calhoun,Illinois,,,,,,,,,,,,,,
,Champaign,Illinois,,,,,http://www.maps.ccgisc.org/arcgis101/rest/services/County/CCAddresses/MapServer/0,,,,,,,,,
,Cook,Illinois,,,,,http://cookviewer1.cookcountyil.gov/ArcGIS/rest/services/cookElectnSrvc/MapServer/1,,,,,,,,,
Chicago,,Illinois,3,,,,https://github.com/Chicago/osd-building-footprints,MIT,,,,iandees,"meetup, phone, inperson",,,complete.
,Christian,Illinois,,,,,http://services2.bhamaps.com/arcgis/rest/services/AGS_christian_co_il_taxmap/MapServer/0,,,,,,,,,
,Clark,Illinois,,,,,http://services2.bhamaps.com/arcgis/rest/services/AGS_clark_co_il_taxmap/MapServer/0,,,,,,,,,
,Jackson,Illinois,,,,,http://services2.bhamaps.com/arcgis/rest/services/AGS_jackson_co_il_taxmap/MapServer/0,,,,,,,,,
,Jersey,Illinois,,,,,http://services2.bhamaps.com/arcgis/rest/services/AGS_jersey_co_il_taxmap/MapServer/0,,,,,,,,,
,Lake,Illinois,,,,,http://rest.lakecountyil.gov/ArcGIS/rest/services/TaxPortalBaseMap/MapServer/41,,,,,,,,,
,Lawrence,Illinois,,,,,http://services2.bhamaps.com/arcgis/rest/services/AGS_lawrence_co_il_taxmap/MapServer/0,,,,,,,,,
,Macon,Illinois,,,,,http://services2.bhamaps.com/arcgis/rest/services/AGS_macon_co_il_taxmap/MapServer/0,,,,,,,,,
,Macoupin,Illinois,,,,,http://services2.bhamaps.com/arcgis/rest/services/AGS_macoupin_co_il_taxmap/MapServer/0,,,,,,,,,
,Massac,Illinois,,,,,http://services2.bhamaps.com/arcgis/rest/services/AGS_massac_co_il_taxmap/MapServer/0,,,,,,,,,
,Menard,Illinois,,,,,http://services2.bhamaps.com/arcgis/rest/services/AGS_menard_co_il_taxmap/MapServer/0,,,,,,,,,
,Morgan,Illinois,,,,,http://services2.bhamaps.com/arcgis/rest/services/AGS_morgan_co_il_taxmap/MapServer/0,,,,,,,,,
,Moultrie,Illinois,,,,,http://services2.bhamaps.com/arcgis/rest/services/AGS_moultrie_co_il_taxmap_web_mercator/MapServer/0,,,,,,,,,
,Putnam,Illinois,,,,,http://services2.bhamaps.com/arcgis/rest/services/AGS_putnam_co_il_taxmap/MapServer/0,,,,,,,,,
,Schuyler,Illinois,,,,,http://services2.bhamaps.com/arcgis/rest/services/AGS_schuyler_co_il_taxmap/MapServer/0,,,,,,,,,
,Shelby,Illinois,,,,,http://services2.bhamaps.com/arcgis/rest/services/AGS_shelby_co_il_taxmap/MapServer/0,,,,,,,,,
,Tazewell,Illinois,,,,,http://services.arcgis.com/pPTAs43AFhhk0pXQ/ArcGIS/rest/services/TazewellCounty_Parcels_Owner/FeatureServer/0,,,,,,,,,
,Vermillion,Illinois,,,,,http://services2.bhamaps.com/arcgis/rest/services/AGS_vermilion_co_il_taxmap/MapServer/0,,,,,,,,,
,,,,,,,,,,,,,,,,
,Wayne,Illinois,,,,,http://services2.bhamaps.com/arcgis/rest/services/AGS_wayne_co_oh_taxmap/MapServer/0,,,,,,,,,
,Williamson,Illinois,,,,,http://services2.bhamaps.com/arcgis/rest/services/AGS_williamson_co_il_taxmap/MapServer/0,,,,,,,,,
,Benton,Iowa,,,,,ftp://ftp.igsb.uiowa.edu/gis_library/counties/Benton/Address_06.html,Public Domain,2012?,,,,,,,
,Boone,Iowa,,,,,ftp://ftp.igsb.uiowa.edu/gis_library/counties/Boone/Address_08.html,Public Domain,2012?,,,,,,,
,Bremer,Iowa,,,,,ftp://ftp.igsb.uiowa.edu/gis_library/counties/Bremer/Address_09.html,Public Domain,2012?,,,,,,,
,Buchanan,Iowa,,,,,ftp://ftp.igsb.uiowa.edu/gis_library/counties/Buchanan/Address_10.html,Public Domain,2012?,,,,,,,
,Buena Vista,Iowa,,,,,ftp://ftp.igsb.uiowa.edu/gis_library/counties/Buena_Vista/Address_11.html,Public Domain,2012?,,,,,,,
,Calhoun,Iowa,,,,,ftp://ftp.igsb.uiowa.edu/gis_library/counties/Calhoun/Address_13.html,Public Domain,2012?,,,,,,,
,Carroll,Iowa,,,,,ftp://ftp.igsb.uiowa.edu/gis_library/counties/Carroll/Address_14.html,Public Domain,2012?,,,,,,,
,Cass,Iowa,,,,,ftp://ftp.igsb.uiowa.edu/gis_library/counties/Cass/Address_15.html,Public Domain,2012?,,,,,,,
,Cherokee,Iowa,,,,,ftp://ftp.igsb.uiowa.edu/gis_library/counties/Cherokee/Address_18.html,Public Domain,2012?,,,,,,,
,Clarke,Iowa,,,,,ftp://ftp.igsb.uiowa.edu/gis_library/counties/Clarke/Address_20.html,Public Domain,2012?,,,,,,,
,Clay,Iowa,,,,,ftp://ftp.igsb.uiowa.edu/gis_library/counties/Clay/Address_21.html,Public Domain,2012?,,,,,,,
,Crawford,Iowa,,,,,ftp://ftp.igsb.uiowa.edu/gis_library/counties/Crawford/Address_24.html,Public Domain,2012?,,,,,,,
,Dallas,Iowa,,,,,ftp://ftp.igsb.uiowa.edu/gis_library/counties/Dallas/Address_25.html,Public Domain,2012?,,,,,,,
,Decatur,Iowa,,,,,ftp://ftp.igsb.uiowa.edu/gis_library/counties/Decatur/Address_27.html,Public Domain,2012?,,,,,,,
,Delaware,Iowa,,,,,ftp://ftp.igsb.uiowa.edu/gis_library/counties/Delaware/Address_28.html,Public Domain,2012?,,,,,,,
,Dickinson,Iowa,,,,,ftp://ftp.igsb.uiowa.edu/gis_library/counties/Dickinson/Address_30.html,Public Domain,2012?,,,,,,,
,Emmet,Iowa,,,,,ftp://ftp.igsb.uiowa.edu/gis_library/counties/Emmet/address_32.html,Public Domain,2012?,,,,,,,
,Franklin,Iowa,,,,,ftp://ftp.igsb.uiowa.edu/gis_library/counties/Franklin/Address_35.html,Public Domain,2012?,,,,,,,
,Fremont,Iowa,,,,,ftp://ftp.igsb.uiowa.edu/gis_library/counties/Fremont/Address_36.html,Public Domain,2012?,,,,,,,
,Greene,Iowa,,,,,ftp://ftp.igsb.uiowa.edu/gis_library/counties/Greene/Address_37.html,Public Domain,2012?,,,,,,,
,Guthrie,Iowa,,,,,ftp://ftp.igsb.uiowa.edu/gis_library/counties/Guthrie/Address_39.html,Public Domain,2012?,,,,,,,
,Hamilton,Iowa,,,,,ftp://ftp.igsb.uiowa.edu/gis_library/counties/Hamilton/Address_40.html,Public Domain,2012?,,,,,,,
,Hardin,Iowa,,,,,ftp://ftp.igsb.uiowa.edu/gis_library/counties/Hardin/Address_42.html,Public Domain,2012?,,,,,,,
,Harrison,Iowa,,,,,ftp://ftp.igsb.uiowa.edu/gis_library/counties/Harrison/Address_43.html,Public Domain,2012?,,,,,,,
,Howard,Iowa,,,,,ftp://ftp.igsb.uiowa.edu/gis_library/counties/Howard/Address_45.html,Public Domain,2012?,,,,,,,
,Humboldt,Iowa,,,,,ftp://ftp.igsb.uiowa.edu/gis_library/counties/Humboldt/Address_46.html,Public Domain,2012?,,,,,,,
,Ida,Iowa,,,,,ftp://ftp.igsb.uiowa.edu/gis_library/counties/Ida/Address_47.html,Public Domain,2012?,,,,,,,
,Jasper,Iowa,,,,,ftp://ftp.igsb.uiowa.edu/gis_library/counties/Jasper/Address_50.html,Public Domain,2012?,,,,,,,
,Kossuth,Iowa,,,,,ftp://ftp.igsb.uiowa.edu/gis_library/counties/Kossuth/Address_55.html,Public Domain,2012?,,,,,,,
,Linn,Iowa,,,,,http://gis.linncounty.org/arcgis/rest/services/POL/MapServer/0,,,,,,,,,
,Lucas,Iowa,,,,,ftp://ftp.igsb.uiowa.edu/gis_library/counties/Lucas/Address_59.html,Public Domain,2012?,,,,,,,
,Lyon,Iowa,,,,,ftp://ftp.igsb.uiowa.edu/gis_library/counties/Lyon/Address_60.html,Public Domain,2012?,,,,,,,
,Madison,Iowa,,,,,ftp://ftp.igsb.uiowa.edu/gis_library/counties/Madison/Address_61.html,Public Domain,2012?,,,,,,,
,Marion,Iowa,,,,,ftp://ftp.igsb.uiowa.edu/gis_library/counties/Marion/Address_63.html,Public Domain,2012?,,,,,,,
,Marshall,Iowa,,,,,ftp://ftp.igsb.uiowa.edu/gis_library/counties/Marshall/Address_64.html,Public Domain,2012?,,,,,,,
,Mills,Iowa,,,,,ftp://ftp.igsb.uiowa.edu/gis_library/counties/Mills/Address_65.html,Public Domain,2012?,,,,,,,
,Monona,Iowa,,,,,ftp://ftp.igsb.uiowa.edu/gis_library/counties/Monona/Address_67.html,Public Domain,2012?,,,,,,,
,Monroe,Iowa,,,,,ftp://ftp.igsb.uiowa.edu/gis_library/counties/Monroe/Address_68.html,Public Domain,2012?,,,,,,,
,Montgomery,Iowa,,,,,ftp://ftp.igsb.uiowa.edu/gis_library/counties/Montgomery/Address_69.html,Public Domain,2012?,,,,,,,
,Palo Alto,Iowa,,,,,ftp://ftp.igsb.uiowa.edu/gis_library/counties/Palo_Alto/Address_74.html,Public Domain,2012?,,,,,,,
,Pocahontas,Iowa,,,,,ftp://ftp.igsb.uiowa.edu/gis_library/counties/Pocahontas/Address_76.html,Public Domain,2012?,,,,,,,
,Pottawattamie,Iowa,,,,,ftp://ftp.igsb.uiowa.edu/gis_library/counties/Pottawattamie/Address_78.html,Public Domain,2012?,,,,,,,
,Sac,Iowa,,,,,ftp://ftp.igsb.uiowa.edu/gis_library/counties/Sac/Address_81.html,Public Domain,2012?,,,,,,,
,Shelby,Iowa,,,,,ftp://ftp.igsb.uiowa.edu/gis_library/counties/Shelby/Address_83.html,Public Domain,2012?,,,,,,,
,Sioux,Iowa,,,,,ftp://ftp.igsb.uiowa.edu/gis_library/counties/Sioux/Address_84.html,Public Domain,2012?,,,,,,,
,Story,Iowa,,,,,ftp://ftp.igsb.uiowa.edu/gis_library/counties/Story/Address_85.html,Public Domain,2012?,,,,,,,
,Warren,Iowa,,,,,ftp://ftp.igsb.uiowa.edu/gis_library/counties/Warren/Address_91.html,Public Domain,2012?,,,,,,,
,Webster,Iowa,,,,,ftp://ftp.igsb.uiowa.edu/gis_library/counties/Webster/Address_94.html,Public Domain,2012?,,,,,,,
,Winnebago,Iowa,,,,,ftp://ftp.igsb.uiowa.edu/gis_library/counties/Winnebago/Address_95.html,Public Domain,2012?,,,,,,,
,Winneshiek,Iowa,,,,,ftp://ftp.igsb.uiowa.edu/gis_library/counties/Winneshiek/Address_96.html,Public Domain,2012?,,,,,,,
,Wright,Iowa,,,,,ftp://ftp.igsb.uiowa.edu/gis_library/counties/Wright/Address_99.html,Public Domain,2012?,,,,,,,
Fort Wayne,,Indiana,70,,,,http://ags.acimap.us/arcgis/rest/services/,,,,,,,,,
Indianapolis,Marion,Indiana,12,http://www.indy.gov/eGov/County/ISA/Services/GIS/Pages/staff_dir.aspx,,,http://maps.indy.gov/ArcGIS10a/rest/services/MapIndyProperty/MapServer/0,,,,,,,,,
,Riley,Kansas,,Paul Bushore,,,ftp://ftpgis.rileycountyks.gov/ (credentials available from GIS department),,2012,20000,None,ToeBee,Website contact form/email,Permission to use data and login credentials,ogr2osm translation file: https://github.com/ToeBee/ogr2osm-translations/blob/master/riley_county/addresses.py,"Finished 
http://www.openstreetmap.org/browse/changeset/15415470
http://www.openstreetmap.org/browse/changeset/15415758"
Wichita,Sedgwick,Kansas,50,,,,http://gis.sedgwick.gov/gisdata/default1.asp,,,,,,,,,
Lexington-Fayette,Fayette,Kentucky,64,,,,http://data.lexingtonky.gov/dataset/parcel,Public Domain,2013,,,,,,,
,St. James Parish,Louisiana,,,,,http://stjamesassessor.com/gis-data,,,,,,,,,
Baton Rouge,,Louisiana,84,,,,,,,,,,,,,
New Orleans,,Louisiana,37,,,,,,,,,,,,,
Baltimore,,Maryland,18,,,,https://data.baltimorecity.gov/Geographic/Parcels-Shape/jk3c-vrfy,Public Domain,,,free,,,,,
Boston,,Massachusetts,21,,,,http://www.mass.gov/anf/research-and-tech/it-serv-and-support/application-serv/office-of-geographic-information-massgis/datalayers/ftpl3parcels.html,,,,,,,,,
Detroit,,Michigan,10,Daryl Edwards,dedwards@detroitmi.gov,313-224-1295,,,,,,,,,,
,Aitkin,Minnesota,,,,,http://gisweb.co.aitkin.mn.us/arcgis/rest/services/MapLayers/MapServer/3,,,,,,,,,
,Anoka,Minnesota,,,,,http://gisservices.co.anoka.mn.us/anoka_gis/rest/services/Address_Pts/MapServer/0,,,,,,,,,
,Becker,Minnesota,,,,,http://gis-server.co.becker.mn.us/data/gis/shapefiles/drive_pnts.zip,,,,,,,,,
,Carver,Minnesota,,Mark Kotz,mark.kotz@metc.state.mn.us,,ftp://gisftp.metc.state.mn.us/Parcels2009.zip,PD + Indemnification,2009,,None,iandees,,,,
,Cass,Minnesota,,,,,http://www.co.cass.mn.us/arcgis/rest/services/Basic_Layers/MapServer/1,,,,,,,,,
,Chisago,Minnesota,,,,,http://24.56.144.170/wf2_chisagopublic/download/addresses.zip,,,,,,,,,
,Clay,Minnesota,,,,,ftp://gis.co.clay.mn.us/Download/Clay/ClayAddresses.zip,,,,,,,,,
,Crow Wing,Minnesota,,,,,http://gis.co.crow-wing.mn.us/arcgis/rest/services/CROWWINGGENERAL/MapServer/12,,,,,,,,,
,Dakota,Minnesota,,Mark Kotz,mark.kotz@metc.state.mn.us,,ftp://gisftp.metc.state.mn.us/Parcels2009.zip,PD + Indemnification,2009,,None,iandees,,,,
Minneapolis,Hennepin,Minnesota,47,,,,http://gis.co.hennepin.mn.us/ArcGIS/rest/services/Maps/PROPERTY/MapServer/0,,,,,,,,,
,Lake of the Woods,Minnesota,,,,,http://oak.co.lake-of-the-woods.mn.us/arcgis/rest/services/LOW_Internal/MapServer/54,,,,,,,,,
,Mille Lacs,Minnesota,,,,,http://136.234.73.7/arcgis/rest/services/MilleLacs_E911/MapServer/0,,,,,,,,,
,Nicollet,Minnesota,,David Runck,drunck@co.nicollet.mn.us,,,,,,,,,,,
,Otter Tail,Minnesota,,,,,http://www.ottertailcounty.net/arcgiswa/rest/services/Address_Roads/MapServer/0,,,,,,,,,
,Polk,Minnesota,,,,,http://gis.co.polk.mn.us/arcgis/rest/services/PolkAll/MapServer/12,,,,,,,,,
,Pope,Minnesota,,,,,http://gis.co.pope.mn.us/arcgis/rest/services/PopeAll_101/MapServer/4,,,,,,,,,
St. Paul,Ramsey,Minnesota,66,Mark Kotz,mark.kotz@metc.state.mn.us,,ftp://gisftp.metc.state.mn.us/Parcels2009.zip,PD + Indemnification,2009,,None,iandees,,,,
,Redwood,Minnesota,,Beth Koch,beth_k@co.redwood.mn.us,,,,,,,,,,,
,Renville,Minnesota,,,,,http://gis.co.renville.mn.us/arcgis/rest/services/RENVILLEPUBLIC/MapServer/3,,,,,,,,,
,Rice,Minnesota,,,RCGIS@co.rice.mn.us,507-332-5950,,,,,,,,,,
,Roseau,Minnesota,,,,,http://gis.co.roseau.mn.us/arcgis/rest/services/Roseau_OperationalData/MapServer/0,,,,,,,,,
,Scott,Minnesota,,Mark Kotz,mark.kotz@metc.state.mn.us,,ftp://gisftp.metc.state.mn.us/Parcels2009.zip,PD + Indemnification,2009,,None,iandees,,,,
,Sherbourne,Minnesota,,,gis@co.sherburne.mn.us,763-765-3300,,,,,,,,,,
,Sibley,Minnesota,,(Public Works Dept),SIbleyPW@co.sibley.mn.us,507-237-4092,,,,,,,,,,
,Stearns,Minnesota,,Randy R. Schreifels,GIS.Web@co.stearns.mn.us,(320) 656-3900,http://maps.co.stearns.mn.us/uniquesig0767a81117f95d93bd9262ca4c328fca1cbca10efc455a2064f980d7dba6c440/uniquesig0/arcgis/rest/services/MYGOVFLEXPARCELS/MapServer/0,,,,,,,,,
,Stevens,Minnesota,,Jenna Walz,jennawalz@co.stevens.mn.us,(320) 208-6578,,,,,,,,,,
,St. Louis,Minnesota,,,,,http://gis.stlouiscountymn.gov/arcgis/rest/services/Planning/CLE_PLSS_Cadastral_Parcels/MapServer/17/query?outFields=%2A,,,,,,,,,
,Wadena,Minnesota,,,,,http://gis.co.wadena.mn.us/arcgis/rest/services/WADENAPUBLIC/MapServer/0,,,,,,,,,
,Washington,Minnesota,,Mark Kotz,mark.kotz@metc.state.mn.us,,ftp://gisftp.metc.state.mn.us/Parcels2009.zip,PD + Indemnification,2009,,None,iandees,,,,
,Wilkin,Minnesota,,,,,http://gisweb.co.wilkin.mn.us/arcgis/rest/services/WilkinPublic/MapServer/16,,,,,,,,,
,Winona,Minnesota,,,,,http://www.gosoutheastmn.com/ArcGIS/rest/services/Streets_Addresses/MapServer/2,,,,,,,,,
,Wright,Minnesota,,Michael Pooler,Michael.Pooler@co.wright.mn.us,763-684-2390,,,,,,,,,,
,Yellow Medicine,Minnesota,,,,,http://gis.co.ym.mn.gov/arcgis/rest/services/YellowMedicine/YellowMedicine_All/MapServer/39,,,,,,,,,
,Greene,Missouri,,,,,ftp://msdis.missouri.edu/pub/Cultural_Society_Demography/MO_2012_Greene_County_Situs_Addresses_shp.zip,,2012,,,,,,,
Kansas City,,Missouri,35,,maps@kcmo.org,816-513-0860,http://maps.kcmo.org/kcgis/rest/services/external/Platting/MapServer/40,,,,,,,,,
St. Louis,,Missouri,51,,gis@stlouisco.com,314.615.4447,http://stlcin.missouri.org/citydata/downloads/pargeocd.zip,http://stlcin.missouri.org/citydata/downloads/terms.cfm,,,,,,,,
Lincoln,,Nebraska,73,David Cary,dcary@lincoln.ne.gov,402-441-7491,http://lincoln.ne.gov/city/plan/its/gis.htm,,,,,,,,,
Omaha,Douglas,Nebraska,42,,,,http://gis.dogis.org/arcgis/rest/services/Parcels_Cache/MapServer/0,Imdemnification?,,,,,,,,
Henderson,,Nevada,79,,,,http://maps.cityofhenderson.com/ArcGIS/rest/services/public/BasemapMAX/MapServer/4,http://www.cityofhenderson.com/gis/disclaimer.php,,,,,,,,
Las Vegas,,Nevada,28,,,(702) 455-3855,http://mapdata.lasvegasnevada.gov/clvgis/rest/services/AdministrativeBoundaries/Condo_Parcels/MapServer/0,,,,,,,,,
Reno,Washoe,Nevada,92,Gary Beekman,gbeekman@washoecounty.us,(775) 328-3619,ftp://wcftp.washoecounty.us/outtoworld/dwh/addresses_oct2013.zipx,,10/2013,,,,,,,
,Woodbridge,New Jersey,,,,,http://njgin.state.nj.us/download2/parcels/parcels_shp_Woodbridge.zip,,,,,,,,,
Newark,,New Jersey,68,,GISMAIL@ci.newark.nj.us,,,,,,,,,,,
Albuquerque,,New Mexico,32,,agis@cabq.gov,,http://manzano.cabq.gov/gisshapes/base.zip,,,,,,,,,
,Allegany,New York,,,,,http://gis.ny.gov/gisdata/inventories/details.cfm?dsid=921&nysgis=,,,,,,,,,
Buffalo,,New York,65,Dale J. Morris,,(716) 858-8390,,,,,,,,,,
,Cattaraugus,New York,,,,,http://gis.ny.gov/gisdata/inventories/details.cfm?dsid=921&nysgis=,,,,,,,,,
Huntington,Suffolk,New York,96,,,,,,,,,,,,,
New York,,New York,1,,,,,,,,,,,,,
North Hempstead,,New York,81,,,,,,,,,,,,,
Rochester,,New York,90,,,,,,,,,,,,,
,Alexander,North Carolina,,,,,http://maps.co.alexander.nc.us/arcgis/rest/services/Regional_Site/MapServer/0,,,,,,,,,
,Columbus,North Carolina,,,,,http://www.columbusco.org/GISData/Addresses.zip,,,,,,,,,
Cary,Wake,North Carolina,,,,,ftp://199.72.17.76/GIS/CaryBuildings.zip,,,,,,,,,
Chapel Hill,Orange,North Carolina,,,,,http://gis.townofchapelhill.org/GIS_Data/addresses.zip,,,,,,,,,
Charlotte,Mecklenburg,North Carolina,19,,,,http://gis.mecklenburgcountync.gov/data/MAT.zip,,,,,,,,,
Durham,,North Carolina,94,,gis@durhamnc.gov,919.560.4122,,,,,,,,,,
,Forsyth,North Carolina,,Glenn West,westwg@forsyth.cc,(336)703-2374,http://www.cityofws.org/portals/0/pdf/planning/GIS/Data-Sets/FCparcel_1-1-13.zip,,,,,,,,,
Greensboro,,North Carolina,76,,,,,,,,,,,,,
High Point,,North Carolina,,Thomas A. Tricot,GIS@highpointnc.gov,336.883.3286,http://gisweb.high-point.net/clearinghouse/shapes/hp_address.zip,,,,,,,,,
,Orange,North Carolina,,,rheaton@ci.carrboro.nc.us,919-918-7328,http://web.co.orange.nc.us/gisdownloads/addresses.zip,Indemnification,,,,,,,,
Raleigh,,North Carolina,52,,,,,,,,,,,,,
,Salisbury,North Carolina,,,,,http://gis.salisburync.gov/ArcGIS/rest/services/SalisburyAddresses/MapServer/0,,,,,,,,,
,Union,North Carolina,,,,,http://www.co.union.nc.us/Portals/0/GIS/shapes/address_points.zip,,11/2013,,,,,,,
Bismarck,,North Dakota,,,,,ftp://ftp.state.nd.us/Landbase10-30-2013.zip,,,,,,,,,
Fargo,,North Dakota,,Daryl Masten,dmasten@cityoffargo.com,701-241-8196,CD,Public Domain,,,Free,AndrewBuck,E-Mail / In Person,Data Available,,
Akron,Summit,Ohio,89,,,,http://fiscaloffice.summitoh.net/index.php/documents-a-forms/viewdownload/68-parcels/503-parcels,,,,,,should follow up with the Code For America Contact there. ,,,
Cincinnati,Hamilton,Ohio,54,,CagisOffice@Cincinnati-OH.gov,(513) 352-1644,http://cagisonline.hamilton-co.org/arcgis/rest/services/Countywide_Layers/addressesTables/MapServer/0,,,,,,,,,
Cleveland,Cuyahoga,Ohio,38,Joe Milan,jmilan@cuyahogacounty.us,,http://gis.cuyahogacounty.us/en-US/GIS-Data.aspx,unknown,published 2010,,,skorasaurus,in-person,"need to follow up, verify",,
Columbus,,Ohio,15,,,,http://mymaps.columbus.gov/ArcGIS/rest/services/i311_SWR/MapServer/0,,,,,,,,,
,Geauga,Ohio,,,,,http://www.auditor.co.geauga.oh.us/LinkClick.aspx?fileticket=0HhWy6rLrTQ%3d&tabid=1796&portalid=13&mid=3442,,,,,,,,,
,Portage,Ohio,,Joe Reichlin,jreichlin@portageco.com,330-297-3510,,,,,,,,,,
Toledo,Lucas,Ohio,57,,,,http://services1.arcgis.com/JVJnGNgPBDy0lB85/ArcGIS/rest/services/Address/FeatureServer/0,,,,,,,,,
Oklahoma City,,Oklahoma,30,,,,,,,,,,,,,
Tulsa,,Oklahoma,46,,,,,,,,,,,,,
Portland,,Oregon,29,,CGIS@portlandoregon.gov,,ftp://ftp02.portlandoregon.gov/CivicApps/address.zip,,,,,,,,,
Philadelphia,,Pennsylvania,5,,,,http://www.pasda.psu.edu/philacity/data/Philadelphia_DOR_Parcels_Active201302.zip,http://www.pasda.psu.edu/uci/PhiladelphiaAgreement.asp,,,,,,,,
Pittsburgh,Allegheny,Pennsylvania,58,,,,ftp://www.pasda.psu.edu/pub/pasda/alleghenycounty/AlleghenyCounty_AddressPoints201311.zip,,,,,,,,,
,Jefferson,Tennessee,,,,,http://maps.binarybus.com/arcgis/rest/services/Jefferson/jefferson/MapServer/1,,,,,,,,,
Memphis,,Tennessee,17,,gis@memphistn.gov,,http://mapview.memphistn.gov/ArcGIS/rest/services/Parcels2010/MapServer/0,,,,,,,,,
Nashville-Davidson,,Tennessee,25,,,(615) 880-3416,http://maps.nashville.gov/MetGIS/rest/services/QueryLayers/AddressPoints/MapServer/1,,,,,,,,,
Arlington,(Tarrant),Texas,49,,,,(Use Tarrant County),,,,,,,,,
Austin,,Texas,16,,,,ftp://ftp.ci.austin.tx.us/GIS-Data/Regional/address_points/address_point.zip,,11/8/2013,,,,,,,
,Colleyville,Texas,,,,,http://gis.dfwmaps.com/ArcGIS/rest/services/Colleyville/Colleyville_BaseLayers_VE/MapServer/1,,,,,,,,,
Corpus Christi,,Texas,63,,,,,,,,,,,,,
Dallas,Dallas,Texas,9,,Michael.Miller2@dallascityhall.com,,http://gis.dfwmaps.com/ArcGIS/rest/services/Dallas/DallasLayers_All_VE/MapServer/2,,,,,,,,,
(Fort Worth),Denton,Texas,,,,,http://gis.dentoncounty.com/ArcGIS/rest/services/CAD/MapServer/0,,,,,,,,,
,Desoto,Texas,,,,,http://gis.dfwmaps.com/ArcGIS/rest/services/Desoto/Desoto_Baselayers_VE/MapServer/2,,,,,,,,,
,Doña Ana,Texas,,,,,http://www.pdnmapa.org/HTML/dacshps/DAC_Address.zip,,,,,,,,,
El Paso,,Texas,23,,,,http://www.pdnmapa.org/HTML/epshps/parcels.zip,,,,,,,,,
Fort Worth,Denton,Texas,20,,webpostings@fortworthtexas.gov,,,,,,,,,,,
Garland,,Texas,88,,,,,,,,,,,,,
Houston,Harris,Texas,4,,,713-837-7777,http://pdata.hcad.org/GIS/Parcels.exe,,,,,,,,,
,Hurst,Texas,,,,,http://gis.dfwmaps.com/ArcGIS/rest/services/Hurst/Hurst_BaseLayers_VE/MapServer/1,,,,,,,,,
,Keller,Texas,,,,,http://gis.dfwmaps.com/ArcGIS/rest/services/Keller/Keller_All_VE/MapServer/13,,,,,,,,,
Laredo,,Texas,93,Adrian Gause,agause@ci.laredo.tx.us,(956) 794-1625,,,,,,,,,,
Lubbock,,Texas,87,,,,http://ewebmap.ci.lubbock.tx.us/currentdata/parcels/parcels.zip,,,,,,,,,
North Richland Hills,,Texas,,,,,http://gis.dfwmaps.com/ArcGIS/rest/services/NRH/NRH_Baselayers_VE/MapServer/1,,,,,,,,,
Plano,Collin,Texas,69,,,,http://gismaps.collincountytx.gov/ArcGIS/rest/services/county/IdentifyParcels/MapServer/0,,,,,,,,,
San Antonio,,Texas,8,,gis@sanantonio.gov,,https://gis.sanantonio.gov/ArcGIS/rest/services/BaseData/MapServer/0,,,,,,,,,
(Fort Worth),Tarrant,Texas,,,,,https://mapit.tarrantcounty.com/arcgis/rest/services/Dynamic/wsAddressLU64/MapServer/7,,,,,,,,,
University Park,,Texas,,,,,http://gis.dfwmaps.com/ArcGIS/rest/services/UniversityPark/UP_All_VE/MapServer/5,,,,,,,,,
Salt Lake City,,Utah,,,,,ftp://ftp.agrc.utah.gov/UtahSGID_Vector/UTM12_NAD83/LOCATION/UnpackagedData/AddressPoints/_Statewide/AddressPoints_shp.zip,,,,,mvexel,,,,
Alexandria,,Virginia,,,gishelp@alexandriava.gov,,,,,,,,,,,
Arlington,,Virginia,99,Jerry Coates,gismc@arlingtonva.us,(703) 228-4391,http://gis.arlingtonva.us/arlgis/rest/services/public/Addresses/MapServer/0,,,,,,,,,
Chesapeake,,Virginia,85,,GISTeam@cityofchesapeake.net,,paid FTP site,http://www.cityofchesapeake.net/Government/City-Departments/Departments/Information-Technology-Department/02gis/disclaimer.htm,,,,,,,,
Norfolk,,Virginia,74,,http://va-norfolk.civicplus.com/FormCenter/Geographic-Information-Systems-30/Contact-Us-93,757-664-4500,,,,,,,,,,
Virginia Beach,,Virginia,41,Dave Palmer,dpalmer@vbgov.com,(757)385-8184,,,,,,,,,,
Seattle,King,Washington,26,,,,ftp://ftp.kingcounty.gov/gis/Web/GISData/address_SHP.zip,http://www5.kingcounty.gov/gisdataportal/,,,,,,,,
,Snohomish,Washington,,,,,ftp://ftp.snoco.org/E-911/Shapefiles/Addresspoints.zip,Unknown,2013,,,,,,,
,Adams,Wisconsin,,,,,http://gis2.msa-ps.com/ArcGIS/rest/services/StreetsAddress/MapServer/29,,,,,,,,,
,Bayfield,Wisconsin,,,,,http://www.bayfieldcounty.org/ArcGIS/rest/services/BFLRMapBasic/MapServer/0,,,,,,,,,
,Buffalo,Wisconsin,,Matthew Martin,matthew.martin@buffalocounty.com,(608) 685-6285,,,,,,,,,,
,Calumet,Wisconsin,,,,,ftp://liouser:l!oguest1@ftp.co.calumet.wi.us/websitedata/CalumetAddressPts.zip,,,,,,,,,
,Columbia,Wisconsin,,,,,http://lrs.co.columbia.wi.us/ArcGIS/rest/services/LRS/Addresses/MapServer/0,,,,,,,,,
,Crawford,Wisconsin,,,,,http://gis2.msa-ps.com/ArcGIS/rest/services/StreetsAddress/MapServer/22,,,,,,,,,
Madison,Dane,Wisconsin,82,,,,http://dcimapapps.countyofdane.com/arcgis/rest/services/TaxParcel/MapServer/1,,,,,,,,,
,Dodge,Wisconsin,,,,,http://gis2.msa-ps.com/ArcGIS/rest/services/StreetsAddress/MapServer/47,,,,,,,,,
,Door,Wisconsin,,Tom Haight,thaight@co.door.wi.us,(920) 746-2391,,,,,,,,,,
,Eau Claire,Wisconsin,,,peter.strand@co.eau-claire.wi.us,,,,,,,,,,,
,Fond du Lac,Wisconsin,,,Land.Information@fdlco.wi.gov,,http://gisweb.fdlco.wi.gov/ArcGIS/rest/services/VectorMapLayers/MapServer/21,,,,,,,,,
,Green,Wisconsin,,,,,http://gis2.msa-ps.com/ArcGIS/rest/services/StreetsAddress/MapServer/6,,,,,,,,,
,Green Lake,Wisconsin,,,,,http://gis2.msa-ps.com/ArcGIS/rest/services/StreetsAddress/MapServer/0,,,,,,,,,
,Iron,Wisconsin,,,,,http://maps.ironcountywi.org:6080/arcgis/rest/services/addresses/MapServer/0,,,,,,,,,
,Juneau,Wisconsin,,,,,http://gis2.msa-ps.com/ArcGIS/rest/services/StreetsAddress/MapServer/2,,,,,,,,,
,Kenosha,Wisconsin,,,,,http://kc-web-01.kenoshacounty.org/arcgis/rest/services/Interactive_Mapping/AddressPoints/MapServer/0,,,,,,,,,
,La Crosse,Wisconsin,,,LandRecordsPortal@co.la-crosse.wi.us,,http://www.co.la-crosse.wi.us:81/ParcelAddressDimensionLabels/ParcelLabels/1/query,,,,,,,,,
,Lincoln,Wisconsin,,,,,http://gis2.msa-ps.com/ArcGIS/rest/services/StreetsAddress/MapServer/49,,,,,,,,,
,Manitowoc,Wisconsin,,,,,http://webmap2.manitowoc-county.com/agsweb/rest/services/Web_MercClipandShip/MapServer/1,,,,,,,,,
,Marinette,Wisconsin,,Tim Oestreich,,(715) 732-7541,,,,,,,,,,
Milwaukee,,Wisconsin,22,,,,http://city.milwaukee.gov/DownloadMapData3497.htm,indemnification,,,,,,,,
,Oconto,Wisconsin,,,lis@co.oconto.wi.us,(920) 834-6800,,,,,,,,,,
,Oneida,Wisconsin,,,,,http://gis2.msa-ps.com/ArcGIS/rest/services/StreetsAddress/MapServer/20,,,,,,,,,
,Outagamie,Wisconsin,,,,,ftp://FTPGISWEBREAD:ftpgiswebread@ftp.co.outagamie.wi.us/users/ftpgisweb/AddressPointsSHAPE.zip,,,,,,,,,
,Portage,Wisconsin,,,,,http://gisinfo.co.portage.wi.us/ArcGIS/rest/services/Basemap/OperationalMSD/MapServer/1,,,,,,,,,
,Richland,Wisconsin,,,,,http://gis2.msa-ps.com/ArcGIS/rest/services/RichlandCo/RichlandCo_GIS_Public/MapServer/6,,,,,,,,,
,Rusk,Wisconsin,,John Fitzl,john@ruskcountywi.us,,,,,,,,,,,
,Sauk,Wisconsin,,,,,http://gis2.msa-ps.com/ArcGIS/rest/services/StreetsAddress/MapServer/18,,,,,,,,,
Superior,,Wisconsin,,,,,ftp://maps:CityCounty@216.56.28.54/array1/maps/Web/ADDRPLCS.zip,,,,,,,,,
,Trempealeau,Wisconsin,,,,,http://www.tremplocounty.com/ArcGIS/rest/services/Public/Landmarks_Addressing/MapServer/2,,,,,,,,,
,Vernon,Wisconsin,,,,,"Fire codes only, not really addresses.",,,,,,,,,
,Vilas,Wisconsin,,,,,http://gis2.msa-ps.com/ArcGIS/rest/services/StreetsAddress/MapServer/4,,,,,,,,,
,Walworth,Wisconsin,,,,,http://gisapps.co.walworth.wi.us/ArcGIS/rest/services/gisweb_Intranet/MapServer/3,,,,,,,,,
,Waukesha,Wisconsin,,,,,http://lis.waukeshacounty.gov/ArcGIS/rest/services/E911/MapServer/12,,,,,,,,,
,Waupaca,Wisconsin,,,,,http://www.co.waupaca.wi.us/landinformation/Data.aspx,,,,,,,,,
,Winnebago,Wisconsin,,Dave Levine,,(920)232-3334,,,,,,,,,,
,Wood,Wisconsin,,,,,http://gis.co.wood.wi.us/gis/rest/services/FlexGIS/AddressesWGS/MapServer/0,,,,,,,,,
,,Utah,,Bert Granberg,bgranberg@utah.gov,,"download, arccgis web service",PD (to verify),,,free,mvexel,in person,data released. discussions ongoing on local OSM community end as well as with AGRC,,
,,Utah,,,,,Parcels,PD,2012 and older,to investigate,free,mvexel,in person,some counties are more complete than others' - compare with address file to be released. ,,
